dojo1,passe,favoris0,url0,PUBLIC,favoris1301,url1301,PRIVE
dojo1,passe,favoris1,url1,PUBLIC,favoris1000,url1000,PRIVE
dojo1,passe,favoris2,url2,PUBLIC,favoris1001,url1001,PRIVE
dojo2,passe,favoris3,url3,PUBLIC,favoris1002,url1002,PRIVE
dojo2,passe,favoris4,url4,PUBLIC,favoris1003,url1003,PRIVE
dojo2,passe,favoris5,url5,PUBLIC,favoris1004,url1004,PRIVE
dojo3,passe,favoris6,url6,PUBLIC,favoris1005,url1005,PRIVE
dojo3,passe,favoris7,url7,PUBLIC,favoris1006,url1006,PRIVE
dojo3,passe,favoris8,url8,PUBLIC,favoris1007,url1007,PRIVE
dojo4,passe,favoris9,url9,PUBLIC,favoris1008,url1008,PRIVE
dojo4,passe,favoris10,url10,PRIVE,favoris1009,url1009,PRIVE
dojo4,passe,favoris11,url11,PRIVE,favoris1010,url1010,PRIVE
dojo5,passe,favoris12,url12,PRIVE,favoris1011,url1011,PRIVE
dojo5,passe,favoris13,url13,PRIVE,favoris1012,url1012,PRIVE
dojo5,passe,favoris14,url14,PRIVE,favoris1013,url1013,PRIVE
dojo6,passe,favoris15,url15,PRIVE,favoris1014,url1014,PRIVE
dojo6,passe,favoris16,url16,PRIVE,favoris1015,url1015,PRIVE
dojo6,passe,favoris17,url17,PRIVE,favoris1016,url1016,PRIVE
dojo7,passe,favoris18,url18,PRIVE,favoris1017,url1017,PRIVE
dojo7,passe,favoris19,url19,PRIVE,favoris1018,url1018,PRIVE
dojo7,passe,favoris20,url20,PRIVE,favoris1019,url1019,PRIVE
dojo8,passe,favoris21,url21,PRIVE,favoris1020,url1020,PRIVE
dojo8,passe,favoris22,url22,PRIVE,favoris1021,url1021,PRIVE
dojo8,passe,favoris23,url23,PRIVE,favoris1022,url1022,PRIVE
dojo9,passe,favoris24,url24,PRIVE,favoris1023,url1023,PRIVE
dojo9,passe,favoris25,url25,PRIVE,favoris1024,url1024,PRIVE
dojo9,passe,favoris26,url26,PRIVE,favoris1025,url1025,PRIVE
dojo10,passe,favoris27,url27,PRIVE,favoris1026,url1026,PRIVE
dojo10,passe,favoris28,url28,PRIVE,favoris1027,url1027,PRIVE
dojo10,passe,favoris29,url29,PRIVE,favoris1028,url1028,PRIVE
dojo11,passe,favoris30,url30,PRIVE,favoris1029,url1029,PRIVE
dojo11,passe,favoris31,url31,PRIVE,favoris1030,url1030,PRIVE
dojo11,passe,favoris32,url32,PRIVE,favoris1031,url1031,PRIVE
dojo12,passe,favoris33,url33,PRIVE,favoris1032,url1032,PRIVE
dojo12,passe,favoris34,url34,PRIVE,favoris1033,url1033,PRIVE
dojo12,passe,favoris35,url35,PRIVE,favoris1034,url1034,PRIVE
dojo13,passe,favoris36,url36,PRIVE,favoris1035,url1035,PRIVE
dojo13,passe,favoris37,url37,PRIVE,favoris1036,url1036,PRIVE
dojo13,passe,favoris38,url38,PRIVE,favoris1037,url1037,PRIVE
dojo14,passe,favoris39,url39,PRIVE,favoris1038,url1038,PRIVE
dojo14,passe,favoris40,url40,PRIVE,favoris1039,url1039,PRIVE
dojo14,passe,favoris41,url41,PRIVE,favoris1040,url1040,PRIVE
dojo15,passe,favoris42,url42,PRIVE,favoris1041,url1041,PRIVE
dojo15,passe,favoris43,url43,PRIVE,favoris1042,url1042,PRIVE
dojo15,passe,favoris44,url44,PRIVE,favoris1043,url1043,PRIVE
dojo16,passe,favoris45,url45,PRIVE,favoris1044,url1044,PRIVE
dojo16,passe,favoris46,url46,PRIVE,favoris1045,url1045,PRIVE
dojo16,passe,favoris47,url47,PRIVE,favoris1046,url1046,PRIVE
dojo17,passe,favoris48,url48,PRIVE,favoris1047,url1047,PRIVE
dojo17,passe,favoris49,url49,PRIVE,favoris1048,url1048,PRIVE
dojo17,passe,favoris50,url50,PRIVE,favoris1049,url1049,PRIVE
dojo18,passe,favoris51,url51,PRIVE,favoris1050,url1050,PRIVE
dojo18,passe,favoris52,url52,PRIVE,favoris1051,url1051,PRIVE
dojo18,passe,favoris53,url53,PRIVE,favoris1052,url1052,PRIVE
dojo19,passe,favoris54,url54,PRIVE,favoris1053,url1053,PRIVE
dojo19,passe,favoris55,url55,PRIVE,favoris1054,url1054,PRIVE
dojo19,passe,favoris56,url56,PRIVE,favoris1055,url1055,PRIVE
dojo20,passe,favoris57,url57,PRIVE,favoris1056,url1056,PRIVE
dojo20,passe,favoris58,url58,PRIVE,favoris1057,url1057,PRIVE
dojo20,passe,favoris59,url59,PRIVE,favoris1058,url1058,PRIVE
dojo21,passe,favoris60,url60,PRIVE,favoris1059,url1059,PRIVE
dojo21,passe,favoris61,url61,PRIVE,favoris1060,url1060,PRIVE
dojo21,passe,favoris62,url62,PRIVE,favoris1061,url1061,PRIVE
dojo22,passe,favoris63,url63,PRIVE,favoris1062,url1062,PRIVE
dojo22,passe,favoris64,url64,PRIVE,favoris1063,url1063,PRIVE
dojo22,passe,favoris65,url65,PRIVE,favoris1064,url1064,PRIVE
dojo23,passe,favoris66,url66,PRIVE,favoris1065,url1065,PRIVE
dojo23,passe,favoris67,url67,PRIVE,favoris1066,url1066,PRIVE
dojo23,passe,favoris68,url68,PRIVE,favoris1067,url1067,PRIVE
dojo24,passe,favoris69,url69,PRIVE,favoris1068,url1068,PRIVE
dojo24,passe,favoris70,url70,PRIVE,favoris1069,url1069,PRIVE
dojo24,passe,favoris71,url71,PRIVE,favoris1070,url1070,PRIVE
dojo25,passe,favoris72,url72,PRIVE,favoris1071,url1071,PRIVE
dojo25,passe,favoris73,url73,PRIVE,favoris1072,url1072,PRIVE
dojo25,passe,favoris74,url74,PRIVE,favoris1073,url1073,PRIVE
dojo26,passe,favoris75,url75,PRIVE,favoris1074,url1074,PRIVE
dojo26,passe,favoris76,url76,PRIVE,favoris1075,url1075,PRIVE
dojo26,passe,favoris77,url77,PRIVE,favoris1076,url1076,PRIVE
dojo27,passe,favoris78,url78,PRIVE,favoris1077,url1077,PRIVE
dojo27,passe,favoris79,url79,PRIVE,favoris1078,url1078,PRIVE
dojo27,passe,favoris80,url80,PRIVE,favoris1079,url1079,PRIVE
dojo28,passe,favoris81,url81,PRIVE,favoris1080,url1080,PRIVE
dojo28,passe,favoris82,url82,PRIVE,favoris1081,url1081,PRIVE
dojo28,passe,favoris83,url83,PRIVE,favoris1082,url1082,PRIVE
dojo29,passe,favoris84,url84,PRIVE,favoris1083,url1083,PRIVE
dojo29,passe,favoris85,url85,PRIVE,favoris1084,url1084,PRIVE
dojo29,passe,favoris86,url86,PRIVE,favoris1085,url1085,PRIVE
dojo30,passe,favoris87,url87,PRIVE,favoris1086,url1086,PRIVE
dojo30,passe,favoris88,url88,PRIVE,favoris1087,url1087,PRIVE
dojo30,passe,favoris89,url89,PRIVE,favoris1088,url1088,PRIVE
dojo31,passe,favoris90,url90,PRIVE,favoris1089,url1089,PRIVE
dojo31,passe,favoris91,url91,PRIVE,favoris1090,url1090,PRIVE
dojo31,passe,favoris92,url92,PRIVE,favoris1091,url1091,PRIVE
dojo32,passe,favoris93,url93,PRIVE,favoris1092,url1092,PRIVE
dojo32,passe,favoris94,url94,PRIVE,favoris1093,url1093,PRIVE
dojo32,passe,favoris95,url95,PRIVE,favoris1094,url1094,PRIVE
dojo33,passe,favoris96,url96,PRIVE,favoris1095,url1095,PRIVE
dojo33,passe,favoris97,url97,PRIVE,favoris1096,url1096,PRIVE
dojo33,passe,favoris98,url98,PRIVE,favoris1097,url1097,PRIVE
dojo34,passe,favoris99,url99,PRIVE,favoris1098,url1098,PRIVE
dojo34,passe,favoris100,url100,PRIVE,favoris1099,url1099,PRIVE
dojo34,passe,favoris101,url101,PRIVE,favoris1100,url1100,PRIVE
dojo35,passe,favoris102,url102,PRIVE,favoris1101,url1101,PRIVE
dojo35,passe,favoris103,url103,PRIVE,favoris1102,url1102,PRIVE
dojo35,passe,favoris104,url104,PRIVE,favoris1103,url1103,PRIVE
dojo36,passe,favoris105,url105,PRIVE,favoris1104,url1104,PRIVE
dojo36,passe,favoris106,url106,PRIVE,favoris1105,url1105,PRIVE
dojo36,passe,favoris107,url107,PRIVE,favoris1106,url1106,PRIVE
dojo37,passe,favoris108,url108,PRIVE,favoris1107,url1107,PRIVE
dojo37,passe,favoris109,url109,PRIVE,favoris1108,url1108,PRIVE
dojo37,passe,favoris110,url110,PRIVE,favoris1109,url1109,PRIVE
dojo38,passe,favoris111,url111,PRIVE,favoris1110,url1110,PRIVE
dojo38,passe,favoris112,url112,PRIVE,favoris1111,url1111,PRIVE
dojo38,passe,favoris113,url113,PRIVE,favoris1112,url1112,PRIVE
dojo39,passe,favoris114,url114,PRIVE,favoris1113,url1113,PRIVE
dojo39,passe,favoris115,url115,PRIVE,favoris1114,url1114,PRIVE
dojo39,passe,favoris116,url116,PRIVE,favoris1115,url1115,PRIVE
dojo40,passe,favoris117,url117,PRIVE,favoris1116,url1116,PRIVE
dojo40,passe,favoris118,url118,PRIVE,favoris1117,url1117,PRIVE
dojo40,passe,favoris119,url119,PRIVE,favoris1118,url1118,PRIVE
dojo41,passe,favoris120,url120,PRIVE,favoris1119,url1119,PRIVE
dojo41,passe,favoris121,url121,PRIVE,favoris1120,url1120,PRIVE
dojo41,passe,favoris122,url122,PRIVE,favoris1121,url1121,PRIVE
dojo42,passe,favoris123,url123,PRIVE,favoris1122,url1122,PRIVE
dojo42,passe,favoris124,url124,PRIVE,favoris1123,url1123,PRIVE
dojo42,passe,favoris125,url125,PRIVE,favoris1124,url1124,PRIVE
dojo43,passe,favoris126,url126,PRIVE,favoris1125,url1125,PRIVE
dojo43,passe,favoris127,url127,PRIVE,favoris1126,url1126,PRIVE
dojo43,passe,favoris128,url128,PRIVE,favoris1127,url1127,PRIVE
dojo44,passe,favoris129,url129,PRIVE,favoris1128,url1128,PRIVE
dojo44,passe,favoris130,url130,PRIVE,favoris1129,url1129,PRIVE
dojo44,passe,favoris131,url131,PRIVE,favoris1130,url1130,PRIVE
dojo45,passe,favoris132,url132,PRIVE,favoris1131,url1131,PRIVE
dojo45,passe,favoris133,url133,PRIVE,favoris1132,url1132,PRIVE
dojo45,passe,favoris134,url134,PRIVE,favoris1133,url1133,PRIVE
dojo46,passe,favoris135,url135,PRIVE,favoris1134,url1134,PRIVE
dojo46,passe,favoris136,url136,PRIVE,favoris1135,url1135,PRIVE
dojo46,passe,favoris137,url137,PRIVE,favoris1136,url1136,PRIVE
dojo47,passe,favoris138,url138,PRIVE,favoris1137,url1137,PRIVE
dojo47,passe,favoris139,url139,PRIVE,favoris1138,url1138,PRIVE
dojo47,passe,favoris140,url140,PRIVE,favoris1139,url1139,PRIVE
dojo48,passe,favoris141,url141,PRIVE,favoris1140,url1140,PRIVE
dojo48,passe,favoris142,url142,PRIVE,favoris1141,url1141,PRIVE
dojo48,passe,favoris143,url143,PRIVE,favoris1142,url1142,PRIVE
dojo49,passe,favoris144,url144,PRIVE,favoris1143,url1143,PRIVE
dojo49,passe,favoris145,url145,PRIVE,favoris1144,url1144,PRIVE
dojo49,passe,favoris146,url146,PRIVE,favoris1145,url1145,PRIVE
dojo50,passe,favoris147,url147,PRIVE,favoris1146,url1146,PRIVE
dojo50,passe,favoris148,url148,PRIVE,favoris1147,url1147,PRIVE
dojo50,passe,favoris149,url149,PRIVE,favoris1148,url1148,PRIVE
dojo51,passe,favoris150,url150,PRIVE,favoris1149,url1149,PRIVE
dojo51,passe,favoris151,url151,PRIVE,favoris1150,url1150,PRIVE
dojo51,passe,favoris152,url152,PRIVE,favoris1151,url1151,PRIVE
dojo52,passe,favoris153,url153,PRIVE,favoris1152,url1152,PRIVE
dojo52,passe,favoris154,url154,PRIVE,favoris1153,url1153,PRIVE
dojo52,passe,favoris155,url155,PRIVE,favoris1154,url1154,PRIVE
dojo53,passe,favoris156,url156,PRIVE,favoris1155,url1155,PRIVE
dojo53,passe,favoris157,url157,PRIVE,favoris1156,url1156,PRIVE
dojo53,passe,favoris158,url158,PRIVE,favoris1157,url1157,PRIVE
dojo54,passe,favoris159,url159,PRIVE,favoris1158,url1158,PRIVE
dojo54,passe,favoris160,url160,PRIVE,favoris1159,url1159,PRIVE
dojo54,passe,favoris161,url161,PRIVE,favoris1160,url1160,PRIVE
dojo55,passe,favoris162,url162,PRIVE,favoris1161,url1161,PRIVE
dojo55,passe,favoris163,url163,PRIVE,favoris1162,url1162,PRIVE
dojo55,passe,favoris164,url164,PRIVE,favoris1163,url1163,PRIVE
dojo56,passe,favoris165,url165,PRIVE,favoris1164,url1164,PRIVE
dojo56,passe,favoris166,url166,PRIVE,favoris1165,url1165,PRIVE
dojo56,passe,favoris167,url167,PRIVE,favoris1166,url1166,PRIVE
dojo57,passe,favoris168,url168,PRIVE,favoris1167,url1167,PRIVE
dojo57,passe,favoris169,url169,PRIVE,favoris1168,url1168,PRIVE
dojo57,passe,favoris170,url170,PRIVE,favoris1169,url1169,PRIVE
dojo58,passe,favoris171,url171,PRIVE,favoris1170,url1170,PRIVE
dojo58,passe,favoris172,url172,PRIVE,favoris1171,url1171,PRIVE
dojo58,passe,favoris173,url173,PRIVE,favoris1172,url1172,PRIVE
dojo59,passe,favoris174,url174,PRIVE,favoris1173,url1173,PRIVE
dojo59,passe,favoris175,url175,PRIVE,favoris1174,url1174,PRIVE
dojo59,passe,favoris176,url176,PRIVE,favoris1175,url1175,PRIVE
dojo60,passe,favoris177,url177,PRIVE,favoris1176,url1176,PRIVE
dojo60,passe,favoris178,url178,PRIVE,favoris1177,url1177,PRIVE
dojo60,passe,favoris179,url179,PRIVE,favoris1178,url1178,PRIVE
dojo61,passe,favoris180,url180,PRIVE,favoris1179,url1179,PRIVE
dojo61,passe,favoris181,url181,PRIVE,favoris1180,url1180,PRIVE
dojo61,passe,favoris182,url182,PRIVE,favoris1181,url1181,PRIVE
dojo62,passe,favoris183,url183,PRIVE,favoris1182,url1182,PRIVE
dojo62,passe,favoris184,url184,PRIVE,favoris1183,url1183,PRIVE
dojo62,passe,favoris185,url185,PRIVE,favoris1184,url1184,PRIVE
dojo63,passe,favoris186,url186,PRIVE,favoris1185,url1185,PRIVE
dojo63,passe,favoris187,url187,PRIVE,favoris1186,url1186,PRIVE
dojo63,passe,favoris188,url188,PRIVE,favoris1187,url1187,PRIVE
dojo64,passe,favoris189,url189,PRIVE,favoris1188,url1188,PRIVE
dojo64,passe,favoris190,url190,PRIVE,favoris1189,url1189,PRIVE
dojo64,passe,favoris191,url191,PRIVE,favoris1190,url1190,PRIVE
dojo65,passe,favoris192,url192,PRIVE,favoris1191,url1191,PRIVE
dojo65,passe,favoris193,url193,PRIVE,favoris1192,url1192,PRIVE
dojo65,passe,favoris194,url194,PRIVE,favoris1193,url1193,PRIVE
dojo66,passe,favoris195,url195,PRIVE,favoris1194,url1194,PRIVE
dojo66,passe,favoris196,url196,PRIVE,favoris1195,url1195,PRIVE
dojo66,passe,favoris197,url197,PRIVE,favoris1196,url1196,PRIVE
dojo67,passe,favoris198,url198,PRIVE,favoris1197,url1197,PRIVE
dojo67,passe,favoris199,url199,PRIVE,favoris1198,url1198,PRIVE
dojo67,passe,favoris200,url200,PRIVE,favoris1199,url1199,PRIVE
dojo68,passe,favoris201,url201,PRIVE,favoris1200,url1200,PRIVE
dojo68,passe,favoris202,url202,PRIVE,favoris1201,url1201,PRIVE
dojo68,passe,favoris203,url203,PRIVE,favoris1202,url1202,PRIVE
dojo69,passe,favoris204,url204,PRIVE,favoris1203,url1203,PRIVE
dojo69,passe,favoris205,url205,PRIVE,favoris1204,url1204,PRIVE
dojo69,passe,favoris206,url206,PRIVE,favoris1205,url1205,PRIVE
dojo70,passe,favoris207,url207,PRIVE,favoris1206,url1206,PRIVE
dojo70,passe,favoris208,url208,PRIVE,favoris1207,url1207,PRIVE
dojo70,passe,favoris209,url209,PRIVE,favoris1208,url1208,PRIVE
dojo71,passe,favoris210,url210,PRIVE,favoris1209,url1209,PRIVE
dojo71,passe,favoris211,url211,PRIVE,favoris1210,url1210,PRIVE
dojo71,passe,favoris212,url212,PRIVE,favoris1211,url1211,PRIVE
dojo72,passe,favoris213,url213,PRIVE,favoris1212,url1212,PRIVE
dojo72,passe,favoris214,url214,PRIVE,favoris1213,url1213,PRIVE
dojo72,passe,favoris215,url215,PRIVE,favoris1214,url1214,PRIVE
dojo73,passe,favoris216,url216,PRIVE,favoris1215,url1215,PRIVE
dojo73,passe,favoris217,url217,PRIVE,favoris1216,url1216,PRIVE
dojo73,passe,favoris218,url218,PRIVE,favoris1217,url1217,PRIVE
dojo74,passe,favoris219,url219,PRIVE,favoris1218,url1218,PRIVE
dojo74,passe,favoris220,url220,PRIVE,favoris1219,url1219,PRIVE
dojo74,passe,favoris221,url221,PRIVE,favoris1220,url1220,PRIVE
dojo75,passe,favoris222,url222,PRIVE,favoris1221,url1221,PRIVE
dojo75,passe,favoris223,url223,PRIVE,favoris1222,url1222,PRIVE
dojo75,passe,favoris224,url224,PRIVE,favoris1223,url1223,PRIVE
dojo76,passe,favoris225,url225,PRIVE,favoris1224,url1224,PRIVE
dojo76,passe,favoris226,url226,PRIVE,favoris1225,url1225,PRIVE
dojo76,passe,favoris227,url227,PRIVE,favoris1226,url1226,PRIVE
dojo77,passe,favoris228,url228,PRIVE,favoris1227,url1227,PRIVE
dojo77,passe,favoris229,url229,PRIVE,favoris1228,url1228,PRIVE
dojo77,passe,favoris230,url230,PRIVE,favoris1229,url1229,PRIVE
dojo78,passe,favoris231,url231,PRIVE,favoris1230,url1230,PRIVE
dojo78,passe,favoris232,url232,PRIVE,favoris1231,url1231,PRIVE
dojo78,passe,favoris233,url233,PRIVE,favoris1232,url1232,PRIVE
dojo79,passe,favoris234,url234,PRIVE,favoris1233,url1233,PRIVE
dojo79,passe,favoris235,url235,PRIVE,favoris1234,url1234,PRIVE
dojo79,passe,favoris236,url236,PRIVE,favoris1235,url1235,PRIVE
dojo80,passe,favoris237,url237,PRIVE,favoris1236,url1236,PRIVE
dojo80,passe,favoris238,url238,PRIVE,favoris1237,url1237,PRIVE
dojo80,passe,favoris239,url239,PRIVE,favoris1238,url1238,PRIVE
dojo81,passe,favoris240,url240,PRIVE,favoris1239,url1239,PRIVE
dojo81,passe,favoris241,url241,PRIVE,favoris1240,url1240,PRIVE
dojo81,passe,favoris242,url242,PRIVE,favoris1241,url1241,PRIVE
dojo82,passe,favoris243,url243,PRIVE,favoris1242,url1242,PRIVE
dojo82,passe,favoris244,url244,PRIVE,favoris1243,url1243,PRIVE
dojo82,passe,favoris245,url245,PRIVE,favoris1244,url1244,PRIVE
dojo83,passe,favoris246,url246,PRIVE,favoris1245,url1245,PRIVE
dojo83,passe,favoris247,url247,PRIVE,favoris1246,url1246,PRIVE
dojo83,passe,favoris248,url248,PRIVE,favoris1247,url1247,PRIVE
dojo84,passe,favoris249,url249,PRIVE,favoris1248,url1248,PRIVE
dojo84,passe,favoris250,url250,PRIVE,favoris1249,url1249,PRIVE
dojo84,passe,favoris251,url251,PRIVE,favoris1250,url1250,PRIVE
dojo85,passe,favoris252,url252,PRIVE,favoris1251,url1251,PRIVE
dojo85,passe,favoris253,url253,PRIVE,favoris1252,url1252,PRIVE
dojo85,passe,favoris254,url254,PRIVE,favoris1253,url1253,PRIVE
dojo86,passe,favoris255,url255,PRIVE,favoris1254,url1254,PRIVE
dojo86,passe,favoris256,url256,PRIVE,favoris1255,url1255,PRIVE
dojo86,passe,favoris257,url257,PRIVE,favoris1256,url1256,PRIVE
dojo87,passe,favoris258,url258,PRIVE,favoris1257,url1257,PRIVE
dojo87,passe,favoris259,url259,PRIVE,favoris1258,url1258,PRIVE
dojo87,passe,favoris260,url260,PRIVE,favoris1259,url1259,PRIVE
dojo88,passe,favoris261,url261,PRIVE,favoris1260,url1260,PRIVE
dojo88,passe,favoris262,url262,PRIVE,favoris1261,url1261,PRIVE
dojo88,passe,favoris263,url263,PRIVE,favoris1262,url1262,PRIVE
dojo89,passe,favoris264,url264,PRIVE,favoris1263,url1263,PRIVE
dojo89,passe,favoris265,url265,PRIVE,favoris1264,url1264,PRIVE
dojo89,passe,favoris266,url266,PRIVE,favoris1265,url1265,PRIVE
dojo90,passe,favoris267,url267,PRIVE,favoris1266,url1266,PRIVE
dojo90,passe,favoris268,url268,PRIVE,favoris1267,url1267,PRIVE
dojo90,passe,favoris269,url269,PRIVE,favoris1268,url1268,PRIVE
dojo91,passe,favoris270,url270,PRIVE,favoris1269,url1269,PRIVE
dojo91,passe,favoris271,url271,PRIVE,favoris1270,url1270,PRIVE
dojo91,passe,favoris272,url272,PRIVE,favoris1271,url1271,PRIVE
dojo92,passe,favoris273,url273,PRIVE,favoris1272,url1272,PRIVE
dojo92,passe,favoris274,url274,PRIVE,favoris1273,url1273,PRIVE
dojo92,passe,favoris275,url275,PRIVE,favoris1274,url1274,PRIVE
dojo93,passe,favoris276,url276,PRIVE,favoris1275,url1275,PRIVE
dojo93,passe,favoris277,url277,PRIVE,favoris1276,url1276,PRIVE
dojo93,passe,favoris278,url278,PRIVE,favoris1277,url1277,PRIVE
dojo94,passe,favoris279,url279,PRIVE,favoris1278,url1278,PRIVE
dojo94,passe,favoris280,url280,PRIVE,favoris1279,url1279,PRIVE
dojo94,passe,favoris281,url281,PRIVE,favoris1280,url1280,PRIVE
dojo95,passe,favoris282,url282,PRIVE,favoris1281,url1281,PRIVE
dojo95,passe,favoris283,url283,PRIVE,favoris1282,url1282,PRIVE
dojo95,passe,favoris284,url284,PRIVE,favoris1283,url1283,PRIVE
dojo96,passe,favoris285,url285,PRIVE,favoris1284,url1284,PRIVE
dojo96,passe,favoris286,url286,PRIVE,favoris1285,url1285,PRIVE
dojo96,passe,favoris287,url287,PRIVE,favoris1286,url1286,PRIVE
dojo97,passe,favoris288,url288,PRIVE,favoris1287,url1287,PRIVE
dojo97,passe,favoris289,url289,PRIVE,favoris1288,url1288,PRIVE
dojo97,passe,favoris290,url290,PRIVE,favoris1289,url1289,PRIVE
dojo98,passe,favoris291,url291,PRIVE,favoris1290,url1290,PRIVE
dojo98,passe,favoris292,url292,PRIVE,favoris1291,url1291,PRIVE
dojo98,passe,favoris293,url293,PRIVE,favoris1292,url1292,PRIVE
dojo99,passe,favoris294,url294,PRIVE,favoris1293,url1293,PRIVE
dojo99,passe,favoris295,url295,PRIVE,favoris1294,url1294,PRIVE
dojo99,passe,favoris296,url296,PRIVE,favoris1295,url1295,PRIVE
dojo100,passe,favoris297,url297,PRIVE,favoris1296,url1296,PRIVE
dojo100,passe,favoris298,url298,PRIVE,favoris1297,url1297,PRIVE
dojo100,passe,favoris299,url299,PRIVE,favoris1298,url1298,PRIVE
