dojo1,passe
dojo2,passe
dojo3,passe
dojo4,passe
dojo5,passe
dojo6,passe
dojo7,passe
dojo8,passe
dojo9,passe
dojo10,passe
dojo11,passe
dojo12,passe
dojo13,passe
dojo14,passe
dojo15,passe
dojo16,passe
dojo17,passe
dojo18,passe
dojo19,passe
dojo20,passe
dojo21,passe
dojo22,passe
dojo23,passe
dojo24,passe
dojo25,passe
dojo26,passe
dojo27,passe
dojo28,passe
dojo29,passe
dojo30,passe
dojo31,passe
dojo32,passe
dojo33,passe
dojo34,passe
dojo35,passe
dojo36,passe
dojo37,passe
dojo38,passe
dojo39,passe
dojo40,passe
dojo41,passe
dojo42,passe
dojo43,passe
dojo44,passe
dojo45,passe
dojo46,passe
dojo47,passe
dojo48,passe
dojo49,passe
dojo50,passe
dojo51,passe
dojo52,passe
dojo53,passe
dojo54,passe
dojo55,passe
dojo56,passe
dojo57,passe
dojo58,passe
dojo59,passe
dojo60,passe
dojo61,passe
dojo62,passe
dojo63,passe
dojo64,passe
dojo65,passe
dojo66,passe
dojo67,passe
dojo68,passe
dojo69,passe
dojo70,passe
dojo71,passe
dojo72,passe
dojo73,passe
dojo74,passe
dojo75,passe
dojo76,passe
dojo77,passe
dojo78,passe
dojo79,passe
dojo80,passe
dojo81,passe
dojo82,passe
dojo83,passe
dojo84,passe
dojo85,passe
dojo86,passe
dojo87,passe
dojo88,passe
dojo89,passe
dojo90,passe
dojo91,passe
dojo92,passe
dojo93,passe
dojo94,passe
dojo95,passe
dojo96,passe
dojo97,passe
dojo98,passe
dojo99,passe
dojo100,passe